{"name":"79b6aae8-5ee7-43f5-8010-4dded0ae6771","id":"/providers/Microsoft.Flow/flows/79b6aae8-5ee7-43f5-8010-4dded0ae6771","type":"Microsoft.Flow/flows","properties":{"apiId":"/providers/Microsoft.PowerApps/apis/shared_logicflows","displayName":"PowerApp -> Create file","definition":{"metadata":{"workflowEntityId":null,"creator":{"id":"0860d34d-bb94-4ab2-91db-0f01e9a971db","type":"User","tenantId":"1a871398-f524-4b76-af07-808441f39745"},"provisioningMethod":"FromDefinition","failureAlertSubscription":true,"clientLastModifiedTime":"2020-06-16T13:35:27.5030982Z"},"$schema":"https://schema.management.azure.com/providers/Microsoft.Logic/schemas/2016-06-01/workflowdefinition.json#","contentVersion":"1.0.0.0","parameters":{"$connections":{"defaultValue":{},"type":"Object"},"$authentication":{"defaultValue":{},"type":"SecureObject"}},"triggers":{"manual":{"type":"Request","kind":"PowerApp","inputs":{"schema":{"type":"object","properties":{"Createitem_FeedbackSentToClaims":{"type":"string","x-ms-powerflows-param-ispartial":false},"Createitem_FeedbackSentFromClaims":{"type":"string","x-ms-powerflows-param-ispartial":false},"Createitem_TypeofFeedback":{"type":"string","x-ms-powerflows-param-ispartial":false},"Createitem_Verbally":{"type":"boolean","x-ms-powerflows-param-ispartial":false},"Createitem_Feedback":{"type":"string","x-ms-powerflows-param-ispartial":false},"Createitem_Date":{"type":"string","x-ms-powerflows-param-ispartial":false},"Createitem_FeedbackSentFromEmail":{"type":"string","x-ms-powerflows-param-ispartial":false}},"required":["Createitem_FeedbackSentToClaims","Createitem_FeedbackSentFromClaims","Createitem_TypeofFeedback","Createitem_Verbally","Createitem_Feedback","Createitem_Date","Createitem_FeedbackSentFromEmail"]}}}},"actions":{"Create_item":{"runAfter":{},"metadata":{"flowSystemMetadata":{"swaggerOperationId":"PostItem"}},"type":"ApiConnection","inputs":{"host":{"connection":{"name":"@json(decodeBase64(triggerOutputs().headers['X-MS-APIM-Tokens']))['$connections']['shared_sharepointonline']['connectionId']"},"api":{"runtimeUrl":"https://flow-apim-msmanaged-na-northcentralus-01.azure-apim.net/apim/sharepointonline"}},"method":"post","body":{"Title":"@triggerBody()['Createitem_Date']","Feedback_x0020_sent_x0020_to":{"Claims":"@triggerBody()['Createitem_FeedbackSentToClaims']"},"skhz":{"Claims":"@triggerBody()['Createitem_FeedbackSentFromClaims']"},"FeedbackSentFromEmail":"@triggerBody()['Createitem_FeedbackSentFromEmail']","gqml":"@triggerBody()['Createitem_TypeofFeedback']","Verbally":"@triggerBody()['Createitem_Verbally']","smqj":"@triggerBody()['Createitem_Feedback']"},"path":"/datasets/@{encodeURIComponent(encodeURIComponent('https://kennedykriegerorg.sharepoint.com/sites/NBUFeedback'))}/tables/@{encodeURIComponent(encodeURIComponent('406a387c-ff26-4c01-a083-f51251a0d8cc'))}/items","authentication":{"type":"Raw","value":"@json(decodeBase64(triggerOutputs().headers['X-MS-APIM-Tokens']))['$ConnectionKey']"}}}}},"connectionReferences":{"shared_sharepointonline":{"connectionName":"d12f3060a859404db6bb8049af7bfd57","source":"Invoker","id":"/providers/Microsoft.PowerApps/apis/shared_sharepointonline","tier":"NotSpecified"}},"flowFailureAlertSubscribed":false}}