{"schemaVersion":"1.0","appDefinitionTemplate":{"id":"/providers/Microsoft.PowerApps/apps/","type":"Microsoft.PowerApps/apps","tags":{"primaryDeviceWidth":"640","primaryDeviceHeight":"1136","sienaVersion":"20200616T151001Z-3.20054.18.0","deviceCapabilities":"","supportsPortrait":"true","supportsLandscape":"false","primaryFormFactor":"Phone","publisherVersion":"3.20054.18","minimumRequiredApiVersion":"2.2.0","hasComponent":"false","hasUnlockedComponent":"false","isUnifiedRootApp":"false"},"properties":{"appVersion":"2020-06-16T15:10:01Z","lifeCycleId":"Published","createdByClientVersion":{"major":3,"minor":20054,"build":18,"revision":0,"majorRevision":0,"minorRevision":0},"minClientVersion":{"major":3,"minor":20054,"build":18,"revision":0,"majorRevision":0,"minorRevision":0},"backgroundColor":"rgba(104, 101, 171, 1)","backgroundImageUri":"/2526136615811557536/N983b663c-15ad-4953-a2ba-a9c3bd28708d-logoSmallFile","displayName":"Positive Feedback NBU","description":"Send positive feedback to your NBU colleagues to tell them how awesome they are! View a list of positive feedback sent to you and positive feedback you have sent to others.","commitMessage":"","appUris":{"documentUri":{"value":"/2526136615811557536/Nf7d2ec87-0a55-44b1-ae69-fd0dd382a270-document.msapp","readonlyValue":"/2526136615811557536/Nf7d2ec87-0a55-44b1-ae69-fd0dd382a270-document.msapp"},"imageUris":[]},"createdTime":"0001-01-01T00:00:00Z","lastModifiedTime":"0001-01-01T00:00:00Z","sharedGroupsCount":0,"sharedUsersCount":0,"icons":{"smallIconUri":"/2526136615811557536/Nc8adef05-d45d-4e0a-8d5f-d3d295cc5ed0-small.png","mediumIconUri":"/2526136615811557536/N3a80eba2-4ae5-4508-91be-89e7e2b48707-medium.png","largeIconUri":"/2526136615811557536/N49ae0a67-2004-4137-ae62-f76d5efecacf-large.png","wideIconUri":"/2526136615811557536/N1904785c-9413-40d0-9190-a6719536c31b-wide.png"},"connectionReferences":{"d8b966e5-596d-4759-8e0c-628b0d39abae":{"id":"5b0b2b73-7dd9-4a2a-ada5-e8ac1dcbe996","displayName":"Mail","iconUri":"https://connectoricons-prod.azureedge.net/sendmail/icon_1.0.1350.2003.png","dataSources":["Mail"],"dependencies":[],"dependents":[],"parameterHints":{},"isOnPremiseConnection":false,"bypassConsent":false,"dataSets":{},"apiTier":"Standard","isCustomApiConnection":false},"89466b23-1d42-48ea-b14c-53097e901412":{"id":"5bf3e442-e1f9-4fdd-ad56-a661e184421a","displayName":"Office 365 Users","iconUri":"https://connectoricons-prod.azureedge.net/office365users/icon_1.0.1357.2029.png","dataSources":["Office365Users"],"dependencies":[],"dependents":[],"parameterHints":{},"isOnPremiseConnection":false,"bypassConsent":false,"dataSets":{},"apiTier":"Standard","isCustomApiConnection":false},"91bd8937-ea9a-4c07-9b09-ec12fae36dbd":{"id":"bd55d3d1-d8bb-47b3-950a-391b9f77648c","displayName":"SharePoint","iconUri":"https://connectoricons-prod.azureedge.net/sharepointonline/icon_1.0.1355.2023.png","dataSources":["PowerApps"],"dependencies":[],"dependents":["b926ab06-09fb-4c89-9069-01c3fb2c860c"],"parameterHints":{},"isOnPremiseConnection":false,"bypassConsent":false,"dataSets":{"https://kennedykriegerorg.sharepoint.com/sites/NBUFeedback":{"dataSources":{"PowerApps":{"tableName":"406a387c-ff26-4c01-a083-f51251a0d8cc"}}}},"apiTier":"Standard","isCustomApiConnection":false},"b926ab06-09fb-4c89-9069-01c3fb2c860c":{"id":"03fdc6e3-9e64-45f0-8509-b4123974e53e","displayName":"Logic flows","iconUri":"https://resourcestackdeploy.blob.core.windows.net/scripts/13276078.png","dataSources":["PowerApp->Createfile"],"dependencies":["91bd8937-ea9a-4c07-9b09-ec12fae36dbd"],"dependents":[],"parameterHints":{"workflowName":{"value":"4e10d1e7-7d2e-40b1-bf34-db4f6cad78b1"},"91bd8937-ea9a-4c07-9b09-ec12fae36dbd":{"value":"shared_sharepointonline"}},"isOnPremiseConnection":false,"bypassConsent":false,"dataSets":{},"apiTier":"Standard","isCustomApiConnection":false}},"databaseReferences":{},"almMode":"Environment","performanceOptimizationEnabled":true,"canConsumeAppPass":true},"isAppComponentLibrary":false,"appType":"ClassicCanvasApp","appComponents":[]}}